{"STANDARD_POSES": {"0": [ 0.27324233, -0.0,          0.96194523, -0.0        ] ,
                    "1": [ 0.1932115,  0.680198,   0.680198,  -0.1932115] ,
                    "2": [ 0.0,         -0.96194523,  0.0,          0.27324233] ,
                    "3": [ 0.1932115, -0.680198,   0.680198,   0.1932115] ,
                    "4": [ 0.27324233,  0.0,         -0.96194523,  0.0        ] ,
                    "5": [ 0.1932115, -0.680198,  -0.680198,  -0.1932115] ,
                    "6": [ 0.0,         -0.96194523,  0.0,         -0.27324233] ,
                    "7": [ 0.1932115,  0.680198,  -0.680198,   0.1932115] ,
                    "8": [ 9.61945233e-01,  0.00000000e+00,  2.73242327e-01, -1.11022302e-16] ,
                    "9": [ 0.680198,   0.1932115,  0.1932115, -0.680198 ] ,
                    "10": [-0.00000000e+00,  2.73242327e-01, -1.11022302e-16, -9.61945233e-01] ,
                    "11": [ 0.680198,  -0.1932115,  0.1932115,  0.680198 ] ,
                    "12": [ 9.61945233e-01,  0.00000000e+00, -2.73242327e-01,  1.11022302e-16] ,
                    "13": [ 0.680198,  -0.1932115, -0.1932115, -0.680198 ] ,
                    "14": [ 0.00000000e+00,  2.73242327e-01, -1.11022302e-16,  9.61945233e-01] ,
                    "15": [ 0.680198,   0.1932115, -0.1932115,  0.680198 ] ,
                    "16": [ 0.0,          0.0,         -0.8734095,   0.48698649] ,
                    "17": [ 0.34435145, -0.61759378, -0.61759378,  0.34435145] ,
                    "18": [ 0.48698649, -0.8734095,   0.0,          0.0        ] ,
                    "19": [ 0.34435145, -0.61759378,  0.61759378, -0.34435145] ,
                    "20": [-0.0,         -0.0,        -0.8734095,  -0.48698649] ,
                    "21": [0.34435145, 0.61759378, 0.61759378, 0.34435145] ,
                    "22": [ 0.48698649,  0.8734095,  -0.0,         -0.0        ] ,
                    "23": [ 0.34435145,  0.61759378, -0.61759378, -0.34435145] ,
                    "24": [ 0.8734095,  -0.48698649,  0.0,          0.0        ] ,
                    "25": [ 0.61759378, -0.34435145,  0.34435145, -0.61759378] ,
                    "26": [ 0.0,          0.0,         -0.48698649,  0.8734095 ] ,
                    "27": [ 0.61759378, -0.34435145, -0.34435145,  0.61759378] ,
                    "28": [ 0.8734095,   0.48698649, -0.0,         -0.0        ] ,
                    "29": [ 0.61759378,  0.34435145, -0.34435145, -0.61759378] ,
                    "30": [0.0,         0.0,         0.48698649, 0.8734095 ] ,
                    "31": [0.61759378, 0.34435145, 0.34435145, 0.61759378] ,
                    "32": [ 0.680198,  -0.1932115,  0.680198,  -0.1932115] ,
                    "33": [ 0.34435145,  0.34435145,  0.61759378, -0.61759378] ,
                    "34": [ 0.1932115, -0.680198,  -0.1932115,  0.680198 ] ,
                    "35": [ 0.61759378, -0.61759378,  0.34435145,  0.34435145] ,
                    "36": [ 0.680198,  -0.1932115, -0.680198,   0.1932115] ,
                    "37": [ 0.61759378, -0.61759378, -0.34435145, -0.34435145] ,
                    "38": [ 0.1932115, -0.680198,   0.1932115, -0.680198 ] ,
                    "39": [ 0.34435145,  0.34435145, -0.61759378,  0.61759378] ,
                    "40": [0.680198,  0.1932115, 0.680198,  0.1932115] ,
                    "41": [ 0.61759378,  0.61759378,  0.34435145, -0.34435145] ,
                    "42": [ 0.1932115,  0.680198,  -0.1932115, -0.680198 ] ,
                    "43": [ 0.34435145, -0.34435145,  0.61759378,  0.61759378] ,
                    "44": [ 0.680198,   0.1932115, -0.680198,  -0.1932115] ,
                    "45": [ 0.34435145, -0.34435145, -0.61759378, -0.61759378] ,
                    "46": [0.1932115, 0.680198,  0.1932115, 0.680198 ] ,
                    "47": [ 0.61759378,  0.61759378, -0.34435145,  0.34435145]
},
"AREA": [{"0": 6903 ,
"1": 6903 ,
"2": 6903 ,
"3": 6903 ,
"4": 7257 ,
"5": 7257 ,
"6": 7257 ,
"7": 7257 ,
"8": 7257 ,
"9": 7257 ,
"10": 7257 ,
"11": 7257 ,
"12": 7257 ,
"13": 7257 ,
"14": 7257 ,
"15": 7257 ,
"16": 16728 ,
"17": 16728 ,
"18": 16728 ,
"19": 16728 ,
"20": 15288 ,
"21": 15288 ,
"22": 15288 ,
"23": 15288 ,
"24": 16728 ,
"25": 16728 ,
"26": 16728 ,
"27": 16728 ,
"28": 15288 ,
"29": 15288 ,
"30": 15288 ,
"31": 15288 ,
"32": 12272 ,
"33": 12272 ,
"34": 12272 ,
"35": 12272 ,
"36": 12272 ,
"37": 12272 ,
"38": 12272 ,
"39": 12272 ,
"40": 11984 ,
"41": 11984 ,
"42": 11984 ,
"43": 11984 ,
"44": 11984 ,
"45": 11984 ,
"46": 11984 ,
"47": 11984
},
{"0": 7990 ,
"1": 7990 ,
"2": 7990 ,
"3": 7990 ,
"4": 7980 ,
"5": 7980 ,
"6": 7980 ,
"7": 7980 ,
"8": 7392 ,
"9": 7392 ,
"10": 7392 ,
"11": 7392 ,
"12": 7480 ,
"13": 7480 ,
"14": 7480 ,
"15": 7480 ,
"16": 5880 ,
"17": 5880 ,
"18": 5880 ,
"19": 5880 ,
"20": 5656 ,
"21": 5656 ,
"22": 5656 ,
"23": 5656 ,
"24": 6032 ,
"25": 6032 ,
"26": 6032 ,
"27": 6032 ,
"28": 6420 ,
"29": 6420 ,
"30": 6420 ,
"31": 6420 ,
"32": 7954 ,
"33": 7954 ,
"34": 7954 ,
"35": 7954 ,
"36": 7821 ,
"37": 7821 ,
"38": 7821 ,
"39": 7821 ,
"40": 7979 ,
"41": 7979 ,
"42": 7979 ,
"43": 7979 ,
"44": 8364 ,
"45": 8364 ,
"46": 8364 ,
"47": 8364
},
{"0": 4222 ,
"1":  4222 ,
"2":  4221 ,
"3":  4221 ,
"4":  4231 ,
"5":  4231 ,
"6":  4231 ,
"7":  4231 ,
"8":  4678 ,
"9":  4678 ,
"10": 4678 ,
"11": 4678 ,
"12": 4643 ,
"13": 4645 ,
"14": 4645 ,
"15": 4643 ,
"16": 4652 ,
"17": 4652 ,
"18": 4651 ,
"19": 4651 ,
"20": 4621 ,
"21": 4621 ,
"22": 4622 ,
"23": 4622 ,
"24": 4722 ,
"25": 4722 ,
"26": 4723 ,
"27": 4723 ,
"28": 4559 ,
"29": 4558 ,
"30": 4558 ,
"31": 4559 ,
"32": 5176 ,
"33": 5176 ,
"34": 5176 ,
"35": 5176 ,
"36": 5331 ,
"37": 5328 ,
"38": 5328 ,
"39": 5331 ,
"40": 5253 ,
"41": 5254 ,
"42": 5253 ,
"43": 5252 ,
"44": 5111 ,
"45": 5112 ,
"46": 5111 ,
"47": 5110
},
{"0": 1335 ,
"1":  1334 ,
"2":  1334 ,
"3":  1335 ,
"4":  1325 ,
"5":  1326 ,
"6":  1326 ,
"7":  1325 ,
"8":  1379 ,
"9":  1378 ,
"10": 1378 ,
"11": 1379 ,
"12": 1381 ,
"13": 1380 ,
"14": 1381 ,
"15": 1382 ,
"16": 1373 ,
"17": 1373 ,
"18": 1373 ,
"19": 1373 ,
"20": 1418 ,
"21": 1418 ,
"22": 1420 ,
"23": 1420 ,
"24": 1427 ,
"25": 1427 ,
"26": 1426 ,
"27": 1426 ,
"28": 1413 ,
"29": 1413 ,
"30": 1414 ,
"31": 1414 ,
"32": 1490 ,
"33": 1490 ,
"34": 1490 ,
"35": 1490 ,
"36": 1410 ,
"37": 1412 ,
"38": 1412 ,
"39": 1410 ,
"40": 1386 ,
"41": 1386 ,
"42": 1386 ,
"43": 1386 ,
"44": 1460 ,
"45": 1460 ,
"46": 1460 ,
"47": 1460
},
{"0": 2180 ,
"1":  2180 ,
"2":  2179 ,
"3":  2179 ,
"4":  2237 ,
"5":  2237 ,
"6":  2237 ,
"7":  2237 ,
"8":  2273 ,
"9":  2273 ,
"10": 2272 ,
"11": 2272 ,
"12": 2282 ,
"13": 2281 ,
"14": 2281 ,
"15": 2282 ,
"16": 1658 ,
"17": 1657 ,
"18": 1657 ,
"19": 1658 ,
"20": 2093 ,
"21": 2093 ,
"22": 2091 ,
"23": 2091 ,
"24": 2114 ,
"25": 2114 ,
"26": 2114 ,
"27": 2114 ,
"28": 1690 ,
"29": 1691 ,
"30": 1691 ,
"31": 1690 ,
"32": 2566 ,
"33": 2566 ,
"34": 2566 ,
"35": 2566 ,
"36": 2445 ,
"37": 2449 ,
"38": 2449 ,
"39": 2445 ,
"40": 2481 ,
"41": 2482 ,
"42": 2483 ,
"43": 2482 ,
"44": 2568 ,
"45": 2567 ,
"46": 2567 ,
"47": 2567
},
{"0": 1676 ,
"1":  1676 ,
"2":  1676 ,
"3":  1676 ,
"4":  1685 ,
"5":  1686 ,
"6":  1686 ,
"7":  1685 ,
"8":  1767 ,
"9":  1765 ,
"10": 1766 ,
"11": 1768 ,
"12": 1798 ,
"13": 1799 ,
"14": 1799 ,
"15": 1799 ,
"16": 1970 ,
"17": 1970 ,
"18": 1970 ,
"19": 1970 ,
"20": 1960 ,
"21": 1960 ,
"22": 1959 ,
"23": 1959 ,
"24": 1959 ,
"25": 1959 ,
"26": 1960 ,
"27": 1960 ,
"28": 1969 ,
"29": 1969 ,
"30": 1970 ,
"31": 1970 ,
"32": 1485 ,
"33": 1486 ,
"34": 1487 ,
"35": 1486 ,
"36": 1475 ,
"37": 1475 ,
"38": 1475 ,
"39": 1475 ,
"40": 1512 ,
"41": 1512 ,
"42": 1511 ,
"43": 1511 ,
"44": 1456 ,
"45": 1457 ,
"46": 1457 ,
"47": 1456
},
{"0": 5888 ,
"1":  5888 ,
"2":  5888 ,
"3":  5888 ,
"4":  5065 ,
"5":  5065 ,
"6":  5065 ,
"7":  5065 ,
"8":  5362 ,
"9":  5361 ,
"10": 5361 ,
"11": 5362 ,
"12": 6837 ,
"13": 6837 ,
"14": 6837 ,
"15": 6837 ,
"16": 7713 ,
"17": 7713 ,
"18": 7713 ,
"19": 7713 ,
"20": 7721 ,
"21": 7721 ,
"22": 7721 ,
"23": 7721 ,
"24": 7658 ,
"25": 7658 ,